,n1,n2,n3,n4,n5
0,0.0,1.3424221093363045,8.01237289352662,8.87470813454442,12.0
1,0.0,5.899700878811165,5.999338380139223,6.984109781586373,12.0
2,0.0,3.791523081684429,7.548525899923552,11.938431712244093,12.0
3,0.0,0.3973934344424239,6.8696384115604605,10.729477360628234,12.0
4,0.0,2.741134484281117,6.389164142709326,9.364141862216268,12.0
5,0.0,3.9961670958798363,4.77093411946376,10.877362676457198,12.0
6,0.0,6.9456879295464375,8.50136810062744,9.790297402780485,12.0
7,0.0,0.5561438796328573,0.8898671150714543,7.91949391073369,12.0
8,0.0,5.017691956639606,9.698200455384303,10.870075870695295,12.0
9,0.0,1.899260689225902,6.370636490216382,10.49079627375583,12.0
10,0.0,0.1938020647488452,6.445440520550479,7.7391263206599135,12.0
11,0.0,8.028475169863977,8.491007125885513,10.119331647164259,12.0
12,0.0,1.3953277649737523,4.1125403547064625,10.474527592612352,12.0
13,0.0,1.5073198696247494,3.294091770339126,3.528699046793999,12.0
14,0.0,4.05109609783913,7.977371759461657,8.420798033370934,12.0
15,0.0,0.386421959954832,0.9829618665155748,8.992346675326818,12.0
16,0.0,4.758286330618311,8.38995433539667,9.752463005384058,12.0
17,0.0,6.876608880641891,9.373221456057657,10.573428643151288,12.0
18,0.0,4.0853324951666865,11.204668559790644,11.910456769503334,12.0
19,0.0,3.559828652888467,5.134268501486687,10.68109953004154,12.0
20,0.0,0.40400891639750913,1.1759642543383944,2.9633350394549702,12.0
21,0.0,0.382045285078513,1.3597619334990227,3.168231408937218,12.0
22,0.0,2.269149304377987,5.437454223648973,6.85304433398149,12.0
23,0.0,3.9850858461594205,7.2496321486086,10.364192152142449,12.0
24,0.0,0.6450523955471232,5.9881518246766205,11.267692745000458,12.0
25,0.0,2.2599938146176046,4.553027045973867,10.080622704470027,12.0
26,0.0,3.3160529337396567,6.657053997276092,10.451452578617607,12.0
27,0.0,2.639716561749532,3.542803880925111,4.520277043048825,12.0
28,0.0,0.00023292210348202502,5.915393961633886,6.262929389571257,12.0
29,0.0,7.281294331844387,9.170897813105157,11.380779947596416,12.0
30,0.0,3.284371800965027,3.7340438413342287,8.641946979410688,12.0
31,0.0,0.4589280434287706,6.98370204928252,7.916898198246006,12.0
32,0.0,9.995637905691975,10.404253386828561,11.584603421971066,12.0
33,0.0,6.289447258194741,6.926648611351297,9.0919001991693,12.0
34,0.0,0.22655507771298877,2.018628046596488,4.203716098126488,12.0
35,0.0,4.938706996733174,6.203607705343125,7.329688294811067,12.0
36,0.0,0.6740669536640347,1.5496374457444984,4.429249431266866,12.0
37,0.0,3.2082889534483776,6.191381437144549,9.75636246776241,12.0
38,0.0,4.8863194959039244,9.501359332924029,10.65895972153713,12.0
39,0.0,4.919373723392006,5.1596695327523445,5.714699855514526,12.0
40,0.0,2.0806447967680404,7.9710209728127825,10.916533624479472,12.0
41,0.0,4.479593260966926,10.785460766670152,11.627740452721799,12.0
42,0.0,0.8544528572826433,7.0329706271821095,10.074185685362188,12.0
43,0.0,0.2581567779101803,2.0444535281736975,2.840995412377685,12.0
44,0.0,3.93538553071014,7.95504386225832,9.21720921173452,12.0
45,0.0,1.116917862040379,3.2767967204560304,4.31357693279246,12.0
46,0.0,4.480077571358872,7.081744054039578,7.4410089425136885,12.0
47,0.0,0.030208612819534242,7.129581968637134,7.939650651474167,12.0
48,0.0,1.8452314929778715,5.938718192454698,11.090459044599918,12.0
49,0.0,4.262139373189433,4.896382987002855,5.854310550599854,12.0
50,0.0,2.654612151365191,6.488349617610219,7.4889711131617185,12.0
51,0.0,2.317285073305421,5.775242299504124,8.431195954486999,12.0
52,0.0,6.2808110335289875,9.35053365478632,11.640911533875638,12.0
53,0.0,0.4194749408204004,1.8795092521677041,10.178171816800438,12.0
54,0.0,0.2038356736747744,1.9307671531986856,5.165913391709012,12.0
55,0.0,4.617400176862828,6.074205181046865,9.686727344335564,12.0
56,0.0,0.2682546929609586,1.6285013874417387,3.65624001953607,12.0
57,0.0,0.7386156613708814,7.027922643965372,7.705417123619728,12.0
58,0.0,0.2531231715948823,4.275461423105481,10.98013861815484,12.0
59,0.0,0.9300789126451225,8.81032888723031,10.62102062950534,12.0
60,0.0,0.5266993185458362,10.089241523200437,11.05374839582397,12.0
61,0.0,0.1150217109077003,9.421634761455735,10.027575228231637,12.0
62,0.0,2.0068133670980033,10.297040753628673,11.868097100496179,12.0
63,0.0,0.9509165150530676,8.1828222060875,11.344674040389728,12.0
64,0.0,2.2310279344182287,3.4712925912860038,11.063418645759032,12.0
65,0.0,4.847613910230235,6.414071799151124,9.516091699807365,12.0
66,0.0,2.1150676360975122,10.003830362697734,11.581795195743009,12.0
67,0.0,2.8302592246882403,6.140481345919867,9.208678562618864,12.0
68,0.0,8.61420391782878,11.615215897344017,11.62160301877764,12.0
69,0.0,1.5109346645706707,4.851352374047416,6.02757804411388,12.0
70,0.0,3.9656781576770253,5.088380911853214,11.453722275021818,12.0
71,0.0,3.24438856125252,3.3151574698815502,10.744994077856338,12.0
72,0.0,3.062298906830103,5.339220056459256,7.00601455229573,12.0
73,0.0,2.2382913499904706,5.328772623845331,11.201202459096034,12.0
74,0.0,1.0779974993117194,1.5004116225413973,10.946067447364246,12.0
75,0.0,7.655621438739833,8.139459247468924,11.675854887176586,12.0
76,0.0,0.019769134579418424,4.073109079835578,7.469403786155647,12.0
77,0.0,4.4615401979630995,7.599392827704671,8.200025514192914,12.0
78,0.0,8.092387984621677,9.195843852552825,10.559955798955114,12.0
79,0.0,3.651863015150062,11.547313718089656,11.597395218185838,12.0
80,0.0,2.8769310747155536,4.5529659183677245,11.474305670936833,12.0
81,0.0,0.6806940241578365,6.031917641010808,9.036253700049144,12.0
82,0.0,4.9434963461366515,5.798107654457535,10.79020618657148,12.0
83,0.0,0.5825781399513366,4.619642261243058,5.939938732672706,12.0
84,0.0,0.9641123924442319,2.588733724394579,4.829954085375043,12.0
85,0.0,2.0465997106802902,8.578746148826244,11.01299858421279,12.0
86,0.0,0.08378185030210084,4.012709451810567,11.798166332826343,12.0
87,0.0,3.1003038896570874,4.949683172766802,11.94741738132643,12.0
88,0.0,1.3505194954278945,9.408917660250136,9.574516393045084,12.0
89,0.0,5.6662475429143635,7.349315366329114,11.531535246088165,12.0
90,0.0,3.5584801413913256,7.672370159869148,11.642726056145712,12.0
91,0.0,1.4243204858217187,3.886139604068802,8.697581284604961,12.0
92,0.0,2.540589142789311,3.5505537838854346,5.053849692374795,12.0
93,0.0,5.042689142953835,5.126668190120231,7.110518353993887,12.0
94,0.0,2.485538023795162,2.6481067009187047,4.255457901144054,12.0
95,0.0,0.6530918910630574,4.368621845872825,9.231913736804241,12.0
96,0.0,0.3984913750215253,4.5033362773009635,11.881652841485874,12.0
97,0.0,3.6574967839972787,9.767286586741056,11.01533824870275,12.0
98,0.0,0.16329868316344154,1.2224159770909422,7.047364358708428,12.0
99,0.0,7.329705226332381,7.797046141005843,10.186252603714887,12.0
100,0.0,1.0433687164984264,4.812506309465043,8.845604693156698,12.0
101,0.0,1.7247006889041736,2.238974872647236,2.3786007417347768,12.0
102,0.0,2.4743094458122497,2.972926933919649,7.004235145644049,12.0
103,0.0,7.302812571855072,8.10528344739445,11.403180175161117,12.0
104,0.0,1.012044278750472,4.935436751169828,6.61483288613822,12.0
105,0.0,6.085309429158925,7.780206552313549,9.84545724418029,12.0
106,0.0,1.237849409304466,2.91617422699212,7.71599676798342,12.0
107,0.0,4.419213582306565,5.472852723688961,9.126634626755969,12.0
108,0.0,2.733984944814082,4.813079026372861,8.852624649482332,12.0
109,0.0,5.506682924121676,7.0943981087544765,9.600565202550431,12.0
110,0.0,0.4068589445770878,4.27573501519977,7.400002546273347,12.0
111,0.0,9.150562450503333,9.542610566718816,11.033482476838929,12.0
112,0.0,0.29978665761075485,2.228180485594507,4.092696758039761,12.0
113,0.0,8.095714449042088,9.449705029022969,9.697282231262434,12.0
114,0.0,4.009934894401242,6.577881137761276,11.510884718876039,12.0
115,0.0,0.35143058901270274,5.038142546432422,8.255475867580131,12.0
116,0.0,7.377789843731285,10.72950956362406,11.572687823775752,12.0
117,0.0,0.07374760818594606,0.3323770950500933,11.4283687095639,12.0
118,0.0,2.145654920339874,4.930116474105427,8.44059312101242,12.0
119,0.0,0.8311423321590765,1.0204583099403757,11.293839572871763,12.0
120,0.0,0.20146376757544981,0.42510874593465964,7.313251815915356,12.0
121,0.0,3.4821894103673787,9.288720033681608,11.07730226349667,12.0
122,0.0,2.5994665710900366,5.561789717369104,8.413262774962504,12.0
123,0.0,1.9314022498848002,4.9157213247756335,10.592943092836567,12.0
124,0.0,4.901990851611897,9.095687541418023,11.500456501757842,12.0
125,0.0,5.054336699252707,9.456505770933578,11.732673094819113,12.0
126,0.0,5.468809407150793,7.385824591935267,10.319300813615424,12.0
127,0.0,4.625059561082939,5.830323319697097,9.136439473457248,12.0
128,0.0,1.7205500664962932,1.99667014727315,4.480802933753069,12.0
129,0.0,0.5766008206360915,2.423570543344025,11.691451263615242,12.0
130,0.0,5.2564235627489495,10.397605495748387,11.250626466714223,12.0
131,0.0,3.3957191109233222,9.6540234058714,10.050122307070268,12.0
132,0.0,2.1024577528643604,4.075505998689419,11.434329967460469,12.0
133,0.0,7.06865926700765,7.530098498790569,10.282161134420624,12.0
134,0.0,0.21119249214907176,8.318096633434006,10.992269881413879,12.0
135,0.0,0.28806150106698336,1.4184056102769866,6.537761860151178,12.0
136,0.0,2.3912666777552363,4.162527299817665,7.386817749186532,12.0
137,0.0,2.0421399496870727,6.739159776192836,7.826181201537355,12.0
138,0.0,2.173276942376997,10.311361800710358,11.94099534113486,12.0
139,0.0,1.7630757000283368,5.99745360984278,11.3178009658541,12.0
140,0.0,1.840177701877041,3.859420710342093,11.919167008788847,12.0
141,0.0,2.3024707185458575,3.6825552970745274,4.0326743276402635,12.0
142,0.0,3.1687567948801063,6.343439380092418,10.210286830295823,12.0
143,0.0,2.762644544136824,3.9737924414596004,11.181292557014368,12.0
144,0.0,5.378242776689408,6.959416586263126,7.767699419673158,12.0
145,0.0,0.5580383222370302,3.478583238202549,10.516946691120165,12.0
146,0.0,1.4746955338855692,11.40755924105629,11.808728289299182,12.0
147,0.0,6.489776485957753,8.646227026218616,9.788781695015208,12.0
148,0.0,0.06598907407628829,3.596865146046096,6.8597678656785375,12.0
149,0.0,5.685437749546786,8.715283192814333,9.868062877539167,12.0
150,0.0,4.971610148525192,8.971077562136092,11.815632607414448,12.0
151,0.0,2.6405056545165886,6.647216127166807,11.270356868091442,12.0
152,0.0,1.0811370158712643,5.44033495827818,9.422434955902276,12.0
153,0.0,2.4104595430186433,10.174001705504228,11.357423541787718,12.0
154,0.0,2.2089114946836808,4.410713038301916,5.52760267287994,12.0
155,0.0,3.2751613335667704,6.537059140097863,8.08026007949015,12.0
156,0.0,5.267208343576874,8.41953651690993,10.571828652494034,12.0
157,0.0,5.150895541822398,5.388688767832605,7.084184073266616,12.0
158,0.0,4.77191472925065,6.700629836279646,11.729652501589053,12.0
159,0.0,0.025194732208631443,5.893927262951118,7.9846364237209,12.0
160,0.0,0.7363175002639069,1.991446518256442,10.583608487769014,12.0
161,0.0,2.3957069209329553,6.910495598033008,10.311677141152467,12.0
162,0.0,8.599254366505626,9.114733369381646,11.079472330633998,12.0
163,0.0,4.856304089193021,5.712586224166988,10.46603100492049,12.0
164,0.0,3.82830295069534,4.841655565074059,9.529725779634997,12.0
165,0.0,0.14645839424192042,9.64589615540971,10.979401020534635,12.0
166,0.0,3.937294932768607,4.643161529979134,8.021159471951883,12.0
167,0.0,6.663120561430378,9.042830367704639,10.107968374587527,12.0
168,0.0,0.2864539785176494,1.164845856786593,7.7212463650955305,12.0
169,0.0,2.901685032440505,6.206315445088812,8.151211852816783,12.0
170,0.0,2.527854854392615,3.040693222148399,8.690430306086451,12.0
171,0.0,1.5037887551932618,6.818856261470987,10.333436254980143,12.0
172,0.0,3.496296667974798,7.954027538756428,8.97775923276435,12.0
173,0.0,4.419044718168141,4.638080059225487,11.499024475054034,12.0
174,0.0,4.176861086515453,7.312912532158926,8.614633824457767,12.0
175,0.0,1.5006236589081405,5.754201746717666,11.255599852135902,12.0
176,0.0,1.4948898216088313,9.928839665143794,10.770459025378607,12.0
177,0.0,0.9912335937370949,6.387790024534475,10.400994027261493,12.0
178,0.0,0.5779220379838375,6.135889702950045,9.55821452290543,12.0
179,0.0,1.3415980868772905,2.2569056433040253,3.425764242349053,12.0
180,0.0,0.4842770417956763,1.9782726561620207,3.8532236063328105,12.0
181,0.0,1.8035539941694054,3.1451216886272,5.448527403469622,12.0
182,0.0,0.3073312116356828,5.583733313657145,11.03904571208892,12.0
183,0.0,1.8949227319859987,6.211834383958232,7.92239568365671,12.0
184,0.0,6.245462148759639,10.101418378427246,10.641402972856861,12.0
185,0.0,2.7784183844920225,8.67387986951202,9.361671829971847,12.0
186,0.0,2.8451755818351856,9.219659769444949,9.58697365999925,12.0
187,0.0,0.6518078611323386,2.048682866197478,7.655035200165811,12.0
188,0.0,2.280561273020845,5.120688879490833,11.619885796592758,12.0
189,0.0,2.8328205411840988,8.963707584243627,11.65922784384366,12.0
190,0.0,3.3983411274615904,5.693151326539562,8.788636798802901,12.0
191,0.0,4.339895943368021,5.779822889345644,6.927849930987377,12.0
192,0.0,5.723983646247249,8.64942842020884,8.67316334274963,12.0
193,0.0,2.3674891751225307,3.653310855961605,6.1207705839686195,12.0
194,0.0,4.393832668225546,7.555665494519887,10.623161744958432,12.0
195,0.0,2.1480757814978935,4.72482680580598,8.482370869403965,12.0
196,0.0,10.108467474431306,10.4153021753439,11.510736992154666,12.0
197,0.0,2.717464974068598,2.9789995965544307,10.39870712807216,12.0
198,0.0,1.021609722170436,6.561164567919402,9.853274107189325,12.0
199,0.0,3.1811627160724054,3.770876994113059,10.387695047314429,12.0
200,0.0,0.8558885817958868,3.3100391562197737,9.435800647433613,12.0
201,0.0,1.8298018617718843,7.607448775283654,10.903110256769779,12.0
202,0.0,1.3368614074714018,2.2458435730489787,8.344904877299431,12.0
203,0.0,0.4191751274658788,2.5591722969657407,2.970384680644001,12.0
204,0.0,0.8179014023143818,4.541323975534575,10.013038045268544,12.0
205,0.0,0.9819453253689252,2.696651699090261,7.146806662638335,12.0
206,0.0,0.7215000354607235,4.436905226101842,10.077313328540576,12.0
207,0.0,0.7247618340748385,4.879828594411581,10.625799184790841,12.0
208,0.0,2.669984689421594,4.355196962663138,6.373956830880959,12.0
209,0.0,2.3602105880491573,6.18262076848264,6.750699280494789,12.0
210,0.0,7.081287709857877,8.343720782534398,10.212989795912547,12.0
211,0.0,2.461235459547218,9.913872301470949,11.387558920322947,12.0
212,0.0,0.8129837138421627,9.348243432624772,11.982376741913427,12.0
213,0.0,3.3575824090204995,4.806782833818648,8.923941929904116,12.0
214,0.0,4.355125120855718,4.846344038407037,9.044236414107756,12.0
215,0.0,8.086514273945674,8.606793053421967,10.701520609016477,12.0
216,0.0,4.406131137046916,10.841335874828957,11.439760102935804,12.0
217,0.0,1.3636014270647507,9.644540860853557,10.504131163820713,12.0
218,0.0,2.5604830853793397,3.2020818689841803,10.263838446729395,12.0
219,0.0,5.089539854888903,5.175116945195175,11.477069568865025,12.0
220,0.0,5.919880140364636,6.412255149598995,6.695964438247527,12.0
221,0.0,0.44388121631514954,10.432576014597736,11.22996594168257,12.0
222,0.0,4.231261750279096,6.09205781034582,9.3269313237345,12.0
223,0.0,1.7583601854236517,2.3880212209737284,10.760425556406696,12.0
224,0.0,6.348823530425873,7.251893182060523,11.72563497422775,12.0
225,0.0,0.009434961260129882,1.543174007422682,5.522760753849495,12.0
226,0.0,5.744330787269911,6.922602483248101,8.443116495524311,12.0
227,0.0,0.3689031273273904,9.408608802151928,9.441934225287211,12.0
228,0.0,1.298472398147803,11.210292414588812,11.753702276671788,12.0
229,0.0,6.904800012115,8.691478424466553,10.972206516278995,12.0
230,0.0,2.1643462205224955,5.449669544682806,10.866861209411546,12.0
231,0.0,0.3838944223153602,7.069627941299041,7.84819995321808,12.0
232,0.0,8.166622648584571,8.34021130602753,9.436646540933712,12.0
233,0.0,3.677263180649901,4.966268434674026,10.374513212976272,12.0
234,0.0,4.25987333095714,5.01465305277056,8.762949475752277,12.0
235,0.0,1.6654690008812651,3.7825189148815275,6.253266169372055,12.0
236,0.0,1.854450605971754,7.380531987973428,7.540485528714442,12.0
237,0.0,2.759638587061202,4.491479153776375,11.001236990309781,12.0
238,0.0,1.4973442097830434,7.174047860034522,11.528548399066578,12.0
239,0.0,7.507782855866173,8.788816714686828,10.946844616207619,12.0
240,0.0,3.7644669611922548,4.265892684930731,9.481674107369487,12.0
241,0.0,2.351284407059861,6.4540322061054605,11.662330879142422,12.0
242,0.0,4.223015265984088,9.470246803223349,9.555453635364213,12.0
243,0.0,1.0521790360028058,4.40410021124168,10.084626268188645,12.0
244,0.0,0.34500756375271147,3.7351861264871684,3.8766598635656333,12.0
245,0.0,5.478979097640994,8.831886518109915,9.654787618444296,12.0
246,0.0,3.2546940054207583,4.744958173687782,6.397964417686868,12.0
247,0.0,4.8840872860415345,8.71664424626092,11.88228450410881,12.0
248,0.0,1.7016692786320262,4.265291660973435,5.838706078755423,12.0
249,0.0,7.045039976943341,7.0870343095677075,10.23545746787446,12.0
250,0.0,6.809653239785378,7.731165652382138,11.666527663215264,12.0
251,0.0,0.08327373247543468,7.056015140415777,9.211468050093782,12.0
252,0.0,0.316226639840103,4.764750820755983,11.221701641058129,12.0
253,0.0,1.1920727639442692,4.752551084358535,6.510487181645539,12.0
254,0.0,2.8817196163541015,4.411399796732009,10.86963487509239,12.0
255,0.0,0.27944499724524574,8.1818055350228,8.888455533057726,12.0
256,0.0,2.752205775030084,3.5830843043953777,9.373886991941681,12.0
257,0.0,0.5358815172113434,1.7075424703805315,7.36788973590745,12.0
258,0.0,0.5992399250726619,6.718625429000105,8.508280580337665,12.0
259,0.0,2.869301247949074,4.412501429695789,7.971314768698255,12.0
260,0.0,7.762159351897225,9.906404427426985,11.564843167707703,12.0
261,0.0,0.6562937021236945,4.585940772753659,7.406079679946645,12.0
262,0.0,2.3311045562503367,7.1181637788396515,8.760706258445458,12.0
263,0.0,4.478193764634247,6.501371025946414,10.576472041304033,12.0
264,0.0,0.7161901687397458,6.035247515050368,6.79800724454039,12.0
265,0.0,1.126229982113192,3.2671332372507735,10.511703448497903,12.0
266,0.0,3.726442905295382,10.707040711027302,10.91465298340664,12.0
267,0.0,6.171121001054463,6.93967089357486,9.4187570884358,12.0
268,0.0,1.602708618431154,4.542859409631956,11.852445227419924,12.0
269,0.0,6.3776732006011105,11.272522681790276,11.907708289191804,12.0
270,0.0,2.722929712583802,6.025887662884056,6.2880153925762885,12.0
271,0.0,1.3411862348524517,8.292350914948113,9.24370599331783,12.0
272,0.0,2.5052059045350648,6.215252875000001,10.710708403159137,12.0
273,0.0,5.901352574942846,8.511019266397279,9.26982336526794,12.0
274,0.0,0.6296800802600298,4.463138504494516,6.257016734311003,12.0
275,0.0,4.934069280179049,5.4391161317453225,8.397185743834891,12.0
276,0.0,2.702914726897062,8.245308712801162,11.551418342607839,12.0
277,0.0,5.408436354369947,7.8724290839353515,11.22994598246872,12.0
278,0.0,2.767965379621953,4.355358670123483,8.70758854278833,12.0
279,0.0,3.534610523122272,9.885706117586022,10.124456192758785,12.0
280,0.0,2.113267652943942,8.012549317693908,8.551912578529876,12.0
281,0.0,1.3641245476772106,8.23433751832455,8.244456246772478,12.0
282,0.0,1.3013091981128393,1.8598274631587954,3.9152002796440777,12.0
283,0.0,0.17327577780623082,0.5851308920789484,4.308359881888903,12.0
284,0.0,0.692100276894573,4.9406092363061,5.443400325102224,12.0
285,0.0,2.5815788018894312,4.817174060110908,5.112370096208858,12.0
286,0.0,8.928686376354875,9.668004573555189,10.658898327077939,12.0
287,0.0,0.6762444686564373,4.4653060675777105,10.193111108535684,12.0
288,0.0,2.151271990033344,4.161090162570736,11.184636892333097,12.0
289,0.0,2.3849433262792994,5.567080356815371,8.823212835406196,12.0
290,0.0,4.05486458093463,5.9531150390337855,7.709407569882704,12.0
291,0.0,2.749491512045786,8.42781107112291,8.751010677102709,12.0
292,0.0,6.522792052719746,9.881732094360503,11.2498310548539,12.0
293,0.0,1.911551618024971,7.99085978004965,9.823203182619018,12.0
294,0.0,0.31202573276315526,6.165110317361467,6.206668609102152,12.0
295,0.0,3.2810687311633964,3.8384964537956607,11.997896452375548,12.0
296,0.0,2.6229827251679434,4.463142176800602,11.146075136174186,12.0
297,0.0,1.9513589254670434,2.5306792653096597,9.84967183168851,12.0
298,0.0,1.3585079040450014,5.9733275326072,7.387665100491059,12.0
299,0.0,0.030903240378834518,5.272732550290383,7.792113968340994,12.0
300,0.0,4.004634113005984,6.109798873756184,10.825437902318328,12.0
301,0.0,7.367246591817765,7.698932809381445,10.664084551500999,12.0
302,0.0,2.0717508988493676,2.7513463733004597,2.976840335818862,12.0
303,0.0,0.07155107001886396,8.714037328656616,9.161845216349844,12.0
304,0.0,3.2074863364873964,7.259970155869172,11.612530101555226,12.0
305,0.0,4.809623986405718,5.750058904066728,8.009841987462384,12.0
306,0.0,2.3750978283987094,8.175244444544607,11.326021782897982,12.0
307,0.0,4.953833662030606,9.906209062152296,10.092336724366447,12.0
308,0.0,1.510644222479797,3.82843572090079,4.917933613247325,12.0
309,0.0,2.2830197919378756,6.320341779810155,6.639279223470002,12.0
310,0.0,3.548044020047143,5.3466753877501505,11.561938189836086,12.0
311,0.0,1.6556827945312138,9.043732195865276,10.530030707971491,12.0
312,0.0,3.4477517210818953,7.4982693262365245,8.492217457480185,12.0
313,0.0,0.27957922248387757,1.2519836923867196,10.428567036919802,12.0
314,0.0,0.43900179050592314,1.4334868371479956,6.889954640929906,12.0
315,0.0,7.423099742249359,9.806923850378025,10.991140668521984,12.0
316,0.0,0.9749210967582869,9.611060502520697,9.719533738367002,12.0
317,0.0,3.494328462256675,10.088832748014847,10.211213764725612,12.0
318,0.0,3.252453486101712,11.696780712324571,11.768375061886662,12.0
319,0.0,0.805198738337193,1.4555226013339873,9.423272039174536,12.0
320,0.0,6.811917083429368,8.314581680051294,11.237249347311822,12.0
321,0.0,0.2815519023523416,6.548493151199814,7.507912805633997,12.0
322,0.0,7.233499382715612,7.2968484373482685,10.363647217261985,12.0
323,0.0,4.0757906516583375,6.118659492700772,6.886485122443599,12.0
324,0.0,7.096148758275527,7.222399082883646,8.393559444901364,12.0
325,0.0,1.783694648977952,5.651753516748846,6.957610340789936,12.0
326,0.0,2.886586402374231,9.014719214239122,10.574152148636497,12.0
327,0.0,4.222718686733143,9.787051521867696,10.544264799777125,12.0
328,0.0,4.221051969911777,7.418114848749261,11.458063927048356,12.0
329,0.0,1.6848832473506286,10.917613004316312,11.182077668228793,12.0
330,0.0,1.2482533394399926,5.459009037394494,7.306360336992985,12.0
331,0.0,6.869992365417535,9.89339095906785,11.266938298521932,12.0
332,0.0,0.45341012883005405,2.648925119283378,7.54210021695396,12.0
333,0.0,4.563882925563669,5.415509617054611,6.24664250094474,12.0
334,0.0,4.556350973527294,5.164155896886692,9.952196719544323,12.0
335,0.0,0.9586529623724926,6.761581262488013,11.503346957826666,12.0
336,0.0,2.3801444960101255,9.50229017870726,9.851329298256283,12.0
337,0.0,0.08997883619908764,6.255922954138409,6.663109705710834,12.0
338,0.0,7.048746329907834,11.312900790663093,11.398955209497354,12.0
339,0.0,2.8629980949023075,4.772410745995935,8.594910477057027,12.0
340,0.0,3.1848809585087112,3.88401710311186,6.758892481526919,12.0
341,0.0,2.7899010712122587,8.100780772401594,10.331804370982711,12.0
342,0.0,5.667083623938996,9.131435455236875,10.033622063832082,12.0
343,0.0,6.070266721867085,7.794830414873838,8.530594198710752,12.0
344,0.0,3.7863809723428754,4.162558463219014,9.239364625642605,12.0
345,0.0,4.073351307787483,6.140958050051049,8.885572279726794,12.0
346,0.0,3.3229370937931875,7.663456477179649,8.961137512958604,12.0
347,0.0,0.0785732531590293,5.232995636738169,9.997251279800253,12.0
348,0.0,3.9560252283553994,6.424098024777179,6.609374770138257,12.0
349,0.0,7.921161801857832,9.941735660779397,10.249311466523931,12.0
350,0.0,0.744358660717269,2.8113229753208873,8.97471192705628,12.0
351,0.0,3.858689178039513,5.521950483699543,9.241545570321872,12.0
352,0.0,2.7292763143740792,4.016309390829102,10.175956556968307,12.0
353,0.0,1.7955423085576014,7.535538674867535,8.229639990564081,12.0
354,0.0,7.698348174529336,9.071171672606337,9.19033920989312,12.0
355,0.0,0.6527036245343947,2.648269956250964,6.621820935713879,12.0
356,0.0,3.0676094100932505,7.3748397606023115,8.21599162680934,12.0
357,0.0,2.494257266995038,7.648163904825752,11.487410718939412,12.0
358,0.0,3.8765593684535786,6.969385995832992,7.215438686274224,12.0
359,0.0,0.0906545003613779,8.70178847256785,10.105672247836484,12.0
360,0.0,2.9137719243546436,2.948772494224715,7.266643013454764,12.0
361,0.0,4.125135205388472,5.955102988116375,9.877921492735345,12.0
362,0.0,7.488439985111021,7.874506089899684,9.167126869065138,12.0
363,0.0,0.8176703692145026,7.5313221699004504,9.528302817879789,12.0
364,0.0,0.02438680298479534,2.925147661240586,8.024693344387487,12.0
365,0.0,0.8925837471353755,1.6981535685597828,6.902244158777208,12.0
366,0.0,4.3661683459042955,6.825321310493948,11.256105047507141,12.0
367,0.0,3.395425163688941,6.528875037443377,6.733257300377522,12.0
368,0.0,1.8178151475686537,5.439970134612759,11.451151934500803,12.0
369,0.0,1.3959815335235728,9.706543372552435,11.821526068848925,12.0
370,0.0,2.8552080342156967,3.518073456050196,9.720072024994389,12.0
371,0.0,1.415082151392618,1.4875113295490876,10.252219014051526,12.0
372,0.0,0.5286498150621144,8.935023084480523,11.779461560246364,12.0
373,0.0,3.9581730415599568,6.6173474813500786,8.65424420917157,12.0
374,0.0,1.1554546305733018,9.1345209095147,11.752629060164328,12.0
375,0.0,0.49966754076677633,4.711659293347827,7.114768263184226,12.0
376,0.0,2.102861183365044,7.15572260713693,9.177318302384013,12.0
377,0.0,1.1730302596981073,5.896085342720749,6.877867592399859,12.0
378,0.0,6.171058105814591,11.696898780750367,11.913289423452193,12.0
379,0.0,0.878060788229456,6.346159821915343,6.902900362112845,12.0
380,0.0,3.991951641931493,7.800627622010125,7.829663036252973,12.0
381,0.0,3.9658411606244157,5.586344818826747,9.655667471025435,12.0
382,0.0,2.0738203627758223,3.767137855111387,6.460841627560918,12.0
383,0.0,5.290439100009641,7.6284036032207965,8.839551568098042,12.0
384,0.0,1.5744743282174847,4.9704590283486585,11.051868176025433,12.0
385,0.0,5.963492184324888,8.564147194883978,8.865596250666904,12.0
386,0.0,6.50466266390884,7.880372814717747,11.69854967871234,12.0
387,0.0,6.817444836951292,7.372211227173683,9.961706900728924,12.0
388,0.0,4.747750171935529,8.725609650456763,9.876528850262549,12.0
389,0.0,5.987060982824202,9.183214183268216,9.243557674010004,12.0
390,0.0,0.5217184469285265,3.5712762288308872,7.420774306922639,12.0
391,0.0,0.2983619693689068,0.6373416796403961,1.1517924681419012,12.0
392,0.0,2.6530072697604252,6.297986801789284,7.469569583946773,12.0
393,0.0,3.4495555910652675,4.963234127335336,10.213753930498685,12.0
394,0.0,2.272305186183136,9.432019862909303,10.420702950665586,12.0
395,0.0,2.5266311507736754,5.831438880674131,10.58840844060825,12.0
396,0.0,0.2849931014668132,9.504006744426315,11.803158377232407,12.0
397,0.0,3.80792293857619,8.491205672066641,10.556192369648018,12.0
398,0.0,5.844639018362292,9.709127929616159,11.31503827127662,12.0
399,0.0,2.1543532930969054,3.393561167871043,7.459884786012523,12.0
400,0.0,0.1057352945210921,0.19074415601683326,4.394699423409037,12.0
401,0.0,0.32851400256341856,4.494040753068605,10.848595543651273,12.0
402,0.0,1.1284817000282343,2.322649578946591,11.618854459598229,12.0
403,0.0,0.26134577179201246,4.900704858950163,8.681016477744013,12.0
404,0.0,4.229831628695319,4.7702867571917835,4.970991391851494,12.0
405,0.0,6.4941161827453655,8.461229685116797,10.53419996804654,12.0
406,0.0,0.6095946470400615,3.6808082914751035,9.39736120891558,12.0
407,0.0,3.63228712612434,5.741738211459882,9.920570310532147,12.0
408,0.0,0.5330226811348489,0.9647256407670146,4.862357719923416,12.0
409,0.0,3.3729806044086845,8.414441839164068,10.628144684333286,12.0
410,0.0,0.9284433699996533,3.90427797876854,9.976474554573471,12.0
411,0.0,1.2468284201288422,3.340476422705573,9.642852316126948,12.0
412,0.0,0.8025289652963297,2.1663418914609993,4.129020549113075,12.0
413,0.0,3.7510795406177575,3.7672810313605023,10.2959038080386,12.0
414,0.0,4.285568338727549,4.754277554568642,11.638772376038954,12.0
415,0.0,7.132735531520294,8.180749175540916,8.851403887951612,12.0
416,0.0,3.136733266585781,3.82024555206093,8.176505218080543,12.0
417,0.0,2.061452340988022,4.560445762173483,10.092819023771746,12.0
418,0.0,0.8407590703563104,5.453965427030427,8.312651385643306,12.0
419,0.0,1.9038506073974228,7.253832450727076,11.702617357234894,12.0
420,0.0,4.099564003402808,7.047160031555658,11.767097101335962,12.0
421,0.0,0.28489763944763036,1.0127157509450093,5.035187490105367,12.0
422,0.0,1.4825982779722775,7.449366756719126,11.205098784293344,12.0
423,0.0,7.751311783083542,10.76373486006386,11.69235454668084,12.0
424,0.0,2.1451475665947193,7.14807946084535,11.814356755230362,12.0
425,0.0,6.68875261711857,8.31808160844799,9.830792819014798,12.0
426,0.0,1.7864987762190765,7.576043100889191,8.042771320178703,12.0
427,0.0,6.877099302682737,7.306378160071441,10.981066963942158,12.0
428,0.0,1.0666424064253124,2.8454422796596877,3.030904866914065,12.0
429,0.0,2.875320562091997,4.778472165809019,9.349357741279029,12.0
430,0.0,2.9509767514314458,3.7134432364835495,7.724159139406554,12.0
431,0.0,3.5530199837917045,5.165053239898754,9.391694599598331,12.0
432,0.0,0.1428390990016526,1.5762493473277477,11.777620097328192,12.0
433,0.0,4.370884656234738,4.924817028746246,7.902450033683612,12.0
434,0.0,4.003130605920731,6.280708052704821,10.952973373894514,12.0
435,0.0,4.387148328586788,8.733123647119434,11.447311621026351,12.0
436,0.0,6.222203948162745,8.208404196490214,8.7642420863301,12.0
437,0.0,5.997186948264773,7.31897632489051,11.769092746741165,12.0
438,0.0,4.588134923482217,7.368237329051455,9.961641659489475,12.0
439,0.0,1.66848435691929,4.117644261200707,10.415537544078065,12.0
440,0.0,1.8819152562902257,6.698402652739672,9.150867444503692,12.0
441,0.0,0.09984978676548728,1.1423379744931248,11.759622357348356,12.0
442,0.0,0.29012343818040387,8.648476376274711,9.501374118358084,12.0
443,0.0,0.26468686078095205,0.5699916598380135,0.8257529822601142,12.0
444,0.0,7.314207213174884,8.897174488710824,11.7968536666788,12.0
445,0.0,0.9339798415785809,1.1812869033390774,7.1797733531184456,12.0
446,0.0,5.540970024256618,9.447316731952757,11.4779859341892,12.0
447,0.0,3.352663717359331,8.464241678006095,10.156091255110363,12.0
448,0.0,5.725021318485439,6.181136071803356,10.785917869742677,12.0
449,0.0,5.216325530541444,6.711838960171665,8.490565666711824,12.0
450,0.0,6.3772448645955215,6.6425852155116445,11.558607454815519,12.0
451,0.0,1.4157840750892885,1.512632680959208,9.783112904001904,12.0
452,0.0,0.36334347065732375,6.839212476244017,9.864144549899601,12.0
453,0.0,5.179883784887295,6.048780079436676,7.633783303319721,12.0
454,0.0,4.62015444336009,5.684141641315589,11.96644973116196,12.0
455,0.0,1.3850811781100894,2.3114697519819782,2.544473962959551,12.0
456,0.0,2.1103824172824215,5.53533040198593,11.499166109392469,12.0
457,0.0,6.01237713871447,9.358455333222695,10.457706123480172,12.0
458,0.0,2.7501138946372263,4.821443689344374,6.201316184696809,12.0
459,0.0,1.6362727691005436,3.6046581651220495,8.167687931290278,12.0
460,0.0,4.035744670094887,4.852219477436786,7.0099319049667965,12.0
461,0.0,4.622386446148223,4.961844048523812,5.692896220159344,12.0
462,0.0,3.4665803002592686,5.602222284489185,10.319373108557707,12.0
463,0.0,0.2536782063106422,0.4524482979022011,9.670809910962303,12.0
464,0.0,1.7372143123372918,3.250170457274508,9.230923304621367,12.0
465,0.0,4.755296818364623,7.7513311278386805,9.676756043702177,12.0
466,0.0,3.296784010442993,4.956367829172317,11.570516836371771,12.0
467,0.0,5.583646969000804,6.628377932318558,9.675055474080677,12.0
468,0.0,4.178177658537054,10.154587900865765,11.783599355362874,12.0
469,0.0,1.8829557996323651,2.8498438821601155,8.140116885027014,12.0
470,0.0,0.25071951600399256,1.11208148499776,5.939044336673408,12.0
471,0.0,3.7049969303187065,5.460647249145863,6.385307446022325,12.0
472,0.0,3.3668382905704766,9.430431075604947,9.493562024404188,12.0
473,0.0,0.13891486503584494,4.649402198325048,11.753065553976183,12.0
474,0.0,4.7291046056449915,8.901307392462366,10.48345129242823,12.0
475,0.0,2.005823919672499,4.693504072985508,10.515413557755288,12.0
476,0.0,2.8236023043660428,3.051615848889828,3.3348518914784693,12.0
477,0.0,3.2886382351865344,4.537862708796348,7.131467862009652,12.0
478,0.0,7.096042180537169,9.111939490543254,10.306511354483355,12.0
479,0.0,3.3157659126889607,4.028596670298501,5.658387418006944,12.0
480,0.0,3.113108740129299,6.611291344369025,11.042062895955965,12.0
481,0.0,4.308987541933041,6.7264334680795415,11.017210469120352,12.0
482,0.0,5.45927948715742,8.141953033453797,9.888725583340545,12.0
483,0.0,1.3788933140677089,2.6451258022024344,8.556056541125784,12.0
484,0.0,2.306050768349942,6.066030408408115,10.702114506230707,12.0
485,0.0,2.644212792913456,7.302760536429853,10.582758158259066,12.0
486,0.0,3.072022310911196,3.791927816634055,9.466691504774383,12.0
487,0.0,2.548970497714009,6.730113603867148,7.303590967691452,12.0
488,0.0,4.029010400870222,5.91719589810526,8.378296265153248,12.0
489,0.0,1.4242921241053352,3.135859040387773,10.71306265490357,12.0
490,0.0,3.971270566713901,5.1834789307135125,5.743875091988333,12.0
491,0.0,0.152876306298932,1.0828531010999085,9.81451247611025,12.0
492,0.0,2.896062873309096,6.4689410029751535,10.539929115109402,12.0
493,0.0,5.008988727983065,5.400178642982922,10.816388208763035,12.0
494,0.0,2.5672308015191736,4.750364099487452,4.842357186995086,12.0
495,0.0,8.76522499233026,9.487498624814052,11.940675899744981,12.0
496,0.0,3.956330686294402,6.056712972646515,11.609869460204116,12.0
497,0.0,1.240107480529793,3.8567039873685243,9.113851709270484,12.0
498,0.0,6.32339193703179,6.5118167852744175,10.21972272349138,12.0
499,0.0,0.39026018566349263,10.147411725862717,10.533441526762836,12.0
